timestamp,date,day_of_week,month,cost,cpu_usage,memory_usage,network_traffic,storage_usage,request_count,is_weekend,is_event
2023-01-01,2023-01-01,6,1,61.92,79.09,80.27,397.84,503.56,173.01,1,0
2023-01-02,2023-01-02,0,1,66.85,84.09,84.27,431.37,506.12,189.82,0,0
2023-01-03,2023-01-03,1,1,68.25,86.15,85.92,439.38,505.37,194.68,0,0
2023-01-04,2023-01-04,2,1,68.05,85.19,85.15,438.09,505.93,193.4,0,0
2023-01-05,2023-01-05,3,1,69.26,86.98,86.59,444.74,510.31,197.5,0,0
2023-01-06,2023-01-06,4,1,71.03,89.95,88.96,454.51,513.73,203.78,0,0
2023-01-07,2023-01-07,5,1,65.06,82.02,82.62,414.71,515.66,182.12,1,0
2023-01-08,2023-01-08,6,1,64.65,81.02,81.81,411.73,515.48,180.13,1,0
2023-01-09,2023-01-09,0,1,70.01,87.31,86.85,446.7,515.63,198.55,0,0
2023-01-10,2023-01-10,1,1,69.2,85.72,85.58,441.12,518.79,195.05,0,0
2023-01-11,2023-01-11,2,1,69.68,86.69,86.35,442.83,522.78,196.52,0,0
2023-01-12,2023-01-12,3,1,69.68,86.83,86.47,441.74,525.51,196.2,0,0
2023-01-13,2023-01-13,4,1,69.12,85.96,85.77,437.35,529.21,193.75,0,0
2023-01-14,2023-01-14,5,1,64.47,81.22,81.97,404.67,532.61,177.48,1,0
2023-01-15,2023-01-15,6,1,64.21,81.02,81.82,402.03,531.69,176.28,1,0
2023-01-16,2023-01-16,0,1,69.39,87.23,86.78,435.11,532.69,193.88,0,0
2023-01-17,2023-01-17,1,1,67.59,84.07,84.26,423.69,531.8,186.79,0,0
2023-01-18,2023-01-18,2,1,67.6,84.3,84.44,422.59,531.48,186.53,0,0
2023-01-19,2023-01-19,3,1,67.96,85.11,85.09,423.51,535.6,187.56,0,0
2023-01-20,2023-01-20,4,1,67.48,84.29,84.43,419.85,536.94,185.44,0,0
2023-01-21,2023-01-21,5,1,62.29,78.39,79.72,384.84,538.72,167.32,1,0
2023-01-22,2023-01-22,6,1,63.31,80.21,81.17,389.9,538.0,170.8,1,0
2023-01-23,2023-01-23,0,1,66.47,82.07,82.66,412.0,538.22,180.53,0,0
2023-01-24,2023-01-24,1,1,67.21,83.14,83.51,415.68,537.87,182.86,0,0
2023-01-25,2023-01-25,2,1,67.09,82.51,83.01,414.68,537.34,181.96,0,0
2023-01-26,2023-01-26,3,1,68.59,84.8,84.84,422.79,539.84,187.04,0,0
2023-01-27,2023-01-27,4,1,69.57,86.04,85.83,428.12,539.68,190.17,0,0
2023-01-28,2023-01-28,5,1,64.83,80.47,81.38,396.75,542.13,173.77,1,0
2023-01-29,2023-01-29,6,1,65.29,80.66,81.53,399.35,540.58,174.96,1,0
2023-01-30,2023-01-30,0,1,69.64,84.17,84.34,428.48,539.6,188.83,0,0
2023-01-31,2023-01-31,1,1,70.39,84.86,84.89,432.67,539.56,191.06,0,0
2023-02-01,2023-02-01,2,2,75.38,84.14,84.31,430.54,541.77,189.64,0,0
2023-02-02,2023-02-02,3,2,75.16,83.08,83.47,429.38,544.53,188.33,0,0
2023-02-03,2023-02-03,4,2,104.89,98.0,95.0,627.49,545.67,294.96,0,1
2023-02-04,2023-02-04,5,2,73.04,82.11,82.69,413.39,546.82,181.75,1,0
2023-02-05,2023-02-05,6,2,75.67,86.08,85.86,426.55,549.92,190.2,1,0
2023-02-06,2023-02-06,0,2,80.39,89.85,88.88,455.25,548.07,204.1,0,0
2023-02-07,2023-02-07,1,2,79.75,88.44,87.75,451.5,548.49,201.48,0,0
2023-02-08,2023-02-08,2,2,81.25,90.75,89.6,458.46,552.25,206.11,0,0
2023-02-09,2023-02-09,3,2,122.4,98.0,95.0,747.52,554.51,359.89,0,1
2023-02-10,2023-02-10,4,2,100.15,98.0,95.0,584.56,554.9,270.99,0,1
2023-02-11,2023-02-11,5,2,87.0,94.03,91.74,493.31,559.28,225.24,1,1
2023-02-12,2023-02-12,6,2,74.59,83.44,83.75,416.11,562.72,183.94,1,0
2023-02-13,2023-02-13,0,2,78.33,86.1,85.88,438.79,562.61,194.54,0,0
2023-02-14,2023-02-14,1,2,76.95,84.03,84.22,430.63,565.16,189.62,0,0
2023-02-15,2023-02-15,2,2,78.35,86.64,86.32,436.43,567.36,194.04,0,0
2023-02-16,2023-02-16,3,2,75.54,82.23,82.79,421.16,568.2,184.4,0,0
2023-02-17,2023-02-17,4,2,77.01,84.94,84.95,427.32,568.8,189.03,0,0
2023-02-18,2023-02-18,5,2,71.14,79.2,80.36,391.82,569.24,170.85,1,0
2023-02-19,2023-02-19,6,2,70.28,77.94,79.35,386.53,571.59,167.73,1,0
2023-02-20,2023-02-20,0,2,77.32,85.89,85.71,425.67,572.73,189.14,0,0
2023-02-21,2023-02-21,1,2,76.12,83.89,84.11,418.85,576.58,184.82,0,0
2023-02-22,2023-02-22,2,2,76.34,84.14,84.31,419.21,579.3,185.17,0,0
2023-02-23,2023-02-23,3,2,77.13,85.26,85.21,422.6,577.83,187.42,0,0
2023-02-24,2023-02-24,4,2,103.93,98.0,95.0,595.7,580.34,279.18,0,1
2023-02-25,2023-02-25,5,2,72.26,80.36,81.29,392.76,580.27,172.18,1,0
2023-02-26,2023-02-26,6,2,73.05,81.17,81.94,396.45,582.45,174.31,1,0
2023-02-27,2023-02-27,0,2,78.43,85.63,85.5,427.9,585.25,189.85,0,0
2023-02-28,2023-02-28,1,2,78.79,85.58,85.47,429.62,584.9,190.51,0,0
2023-03-01,2023-03-01,2,3,86.1,89.08,88.26,446.27,586.13,199.97,0,0
2023-03-02,2023-03-02,3,3,86.28,88.68,87.94,447.1,585.49,199.98,0,0
2023-03-03,2023-03-03,4,3,85.64,87.06,86.65,444.11,583.89,197.5,0,0
2023-03-04,2023-03-04,5,3,80.05,81.66,82.33,412.97,584.58,181.32,1,0
2023-03-05,2023-03-05,6,3,82.03,84.24,84.39,421.99,585.15,187.0,1,0
2023-03-06,2023-03-06,0,3,87.39,88.29,87.64,451.53,590.15,201.46,0,0
2023-03-07,2023-03-07,1,3,120.34,98.0,95.0,657.2,591.31,312.03,0,1
2023-03-08,2023-03-08,2,3,105.12,98.0,95.0,554.95,591.68,257.07,0,1
2023-03-09,2023-03-09,3,3,97.13,95.77,93.29,503.79,593.78,229.68,0,1
2023-03-10,2023-03-10,4,3,87.55,87.89,87.31,449.59,592.43,200.37,0,0
2023-03-11,2023-03-11,5,3,81.05,81.82,82.46,413.71,597.2,181.77,1,0
2023-03-12,2023-03-12,6,3,81.42,82.55,83.04,414.36,599.67,182.61,1,0
2023-03-13,2023-03-13,0,3,87.16,87.71,87.17,444.58,602.99,198.24,0,0
2023-03-14,2023-03-14,1,3,119.83,98.0,95.0,645.44,602.22,304.15,0,1
2023-03-15,2023-03-15,2,3,105.27,98.0,95.0,548.62,603.12,254.42,0,1
2023-03-16,2023-03-16,3,3,96.96,96.05,93.48,495.62,604.11,226.76,0,1
2023-03-17,2023-03-17,4,3,83.04,82.52,83.02,421.0,607.9,184.67,0,0
2023-03-18,2023-03-18,5,3,77.72,78.49,79.79,390.64,605.94,169.9,1,0
2023-03-19,2023-03-19,6,3,79.02,80.64,81.51,395.57,606.08,173.6,1,0
2023-03-20,2023-03-20,0,3,129.01,98.0,95.0,698.24,610.98,333.61,0,1
2023-03-21,2023-03-21,1,3,108.22,98.0,95.0,561.65,612.34,261.32,0,1
2023-03-22,2023-03-22,2,3,96.45,93.51,91.35,489.99,613.05,222.93,0,1
2023-03-23,2023-03-23,3,3,108.02,98.0,95.0,558.28,611.92,258.78,0,1
2023-03-24,2023-03-24,4,3,98.52,95.87,93.22,498.44,616.77,228.24,0,1
2023-03-25,2023-03-25,5,3,79.71,80.85,81.68,395.16,614.95,173.62,1,0
2023-03-26,2023-03-26,6,3,79.17,79.58,80.66,392.6,618.14,171.58,1,0
2023-03-27,2023-03-27,0,3,87.39,87.5,87.0,434.46,621.55,194.07,0,0
2023-03-28,2023-03-28,1,3,86.03,84.86,84.89,428.38,621.29,189.53,0,0
2023-03-29,2023-03-29,2,3,86.02,84.17,84.34,428.35,624.03,188.97,0,0
2023-03-30,2023-03-30,3,3,88.19,86.74,86.4,438.17,622.71,194.96,0,0
2023-03-31,2023-03-31,4,3,89.11,87.43,86.94,442.34,622.54,197.18,0,0
2023-04-01,2023-04-01,5,4,85.33,83.22,83.57,413.23,626.09,182.77,1,0
2023-04-02,2023-04-02,6,4,86.23,83.88,84.1,417.24,630.18,184.9,1,0
2023-04-03,2023-04-03,0,4,92.45,88.49,87.79,449.4,632.47,200.86,0,0
2023-04-04,2023-04-04,1,4,93.02,88.75,88.0,451.79,634.05,202.03,0,0
2023-04-05,2023-04-05,2,4,92.45,87.44,86.95,449.12,633.2,199.91,0,0
2023-04-06,2023-04-06,3,4,92.74,87.47,86.97,450.08,631.68,200.32,0,0
2023-04-07,2023-04-07,4,4,94.5,89.7,88.76,457.26,630.53,204.99,0,0
2023-04-08,2023-04-08,5,4,88.37,84.47,84.58,425.1,630.16,188.54,1,0
2023-04-09,2023-04-09,6,4,88.99,85.27,85.21,427.09,630.58,189.98,1,0
2023-04-10,2023-04-10,0,4,92.02,85.82,85.66,444.43,631.28,196.76,0,0
2023-04-11,2023-04-11,1,4,93.06,87.4,86.92,447.98,631.74,199.45,0,0
2023-04-12,2023-04-12,2,4,95.26,90.72,89.58,456.41,631.45,205.48,0,0
2023-04-13,2023-04-13,3,4,93.45,88.34,87.68,447.51,633.05,200.02,0,0
2023-04-14,2023-04-14,4,4,92.74,87.58,87.06,443.25,636.86,197.71,0,0
2023-04-15,2023-04-15,5,4,86.87,83.3,83.64,411.86,636.85,182.33,1,0
2023-04-16,2023-04-16,6,4,87.96,85.15,85.12,415.37,641.48,185.22,1,0
2023-04-17,2023-04-17,0,4,93.12,88.95,88.16,441.33,645.63,198.05,0,0
2023-04-18,2023-04-18,1,4,88.96,83.24,83.59,422.42,644.79,185.92,0,0
2023-04-19,2023-04-19,2,4,89.02,83.5,83.8,421.67,648.33,185.83,0,0
2023-04-20,2023-04-20,3,4,88.37,82.67,83.13,417.98,650.38,183.69,0,0
2023-04-21,2023-04-21,4,4,89.17,83.81,84.05,420.6,652.38,185.66,0,0
2023-04-22,2023-04-22,5,4,84.15,80.45,81.36,393.6,653.16,172.77,1,0
2023-04-23,2023-04-23,6,4,84.49,80.74,81.59,394.52,654.7,173.38,1,0
2023-04-24,2023-04-24,0,4,88.77,82.69,83.15,417.33,655.51,183.46,0,0
2023-04-25,2023-04-25,1,4,88.81,82.37,82.9,417.25,657.32,183.18,0,0
2023-04-26,2023-04-26,2,4,90.51,84.29,84.43,424.26,659.75,187.52,0,0
2023-04-27,2023-04-27,3,4,92.93,87.13,86.71,434.4,662.5,193.85,0,0
2023-04-28,2023-04-28,4,4,93.82,87.77,87.22,438.16,664.26,195.88,0,0
2023-04-29,2023-04-29,5,4,89.3,84.61,84.69,414.2,667.35,184.36,1,0
2023-04-30,2023-04-30,6,4,88.23,82.44,82.95,409.78,666.37,180.86,1,0
2023-05-01,2023-05-01,0,5,94.21,88.66,87.93,447.07,665.89,200.16,0,0
2023-05-02,2023-05-02,1,5,95.15,89.35,88.48,451.15,669.65,202.34,0,0
2023-05-03,2023-05-03,2,5,94.26,87.47,86.97,447.35,669.94,199.32,0,0
2023-05-04,2023-05-04,3,5,95.82,89.12,88.3,453.9,668.14,203.27,0,0
2023-05-05,2023-05-05,4,5,96.63,89.79,88.83,457.17,667.25,205.11,0,0
2023-05-06,2023-05-06,5,5,89.49,83.12,83.5,421.56,666.85,186.14,1,0
2023-05-07,2023-05-07,6,5,92.48,87.06,86.64,433.82,671.58,194.19,1,0
2023-05-08,2023-05-08,0,5,96.74,89.05,88.24,456.34,673.63,204.2,0,0
2023-05-09,2023-05-09,1,5,96.89,89.17,88.34,456.29,678.19,204.28,0,0
2023-05-10,2023-05-10,2,5,95.68,87.46,86.97,450.36,680.25,200.55,0,0
2023-05-11,2023-05-11,3,5,95.63,87.49,86.99,449.23,681.64,200.12,0,0
2023-05-12,2023-05-12,4,5,93.79,85.07,85.05,440.45,681.87,194.67,0,0
2023-05-13,2023-05-13,5,5,89.85,83.6,83.88,417.77,684.14,185.03,1,0
2023-05-14,2023-05-14,6,5,92.0,86.89,86.52,425.7,683.15,190.84,1,0
2023-05-15,2023-05-15,0,5,93.68,85.71,85.57,436.6,687.47,193.65,0,0
2023-05-16,2023-05-16,1,5,97.48,91.3,90.04,451.33,691.31,204.02,0,0
2023-05-17,2023-05-17,2,5,95.33,88.58,87.86,441.21,691.57,197.8,0,0
2023-05-18,2023-05-18,3,5,92.89,85.4,85.32,429.9,696.27,190.74,0,0
2023-05-19,2023-05-19,4,5,93.09,85.86,85.69,429.75,700.08,191.05,0,0
2023-05-20,2023-05-20,5,5,86.68,80.89,81.71,397.13,702.78,174.63,1,0
2023-05-21,2023-05-21,6,5,88.54,83.49,83.79,404.14,701.66,179.52,1,0
2023-05-22,2023-05-22,0,5,93.28,86.14,85.91,428.18,703.04,190.65,0,0
2023-05-23,2023-05-23,1,5,94.14,87.15,86.72,431.26,704.62,192.7,0,0
2023-05-24,2023-05-24,2,5,93.53,86.02,85.82,428.33,704.28,190.63,0,0
2023-05-25,2023-05-25,3,5,93.42,85.5,85.4,427.66,702.87,189.95,0,0
2023-05-26,2023-05-26,4,5,94.44,86.42,86.14,431.68,706.35,192.29,0,0
2023-05-27,2023-05-27,5,5,88.21,81.15,81.92,400.95,705.23,176.39,1,0
2023-05-28,2023-05-28,6,5,87.77,79.96,80.97,399.22,707.43,174.75,1,0
2023-05-29,2023-05-29,0,5,97.1,88.27,87.62,442.69,712.01,198.19,0,0
2023-05-30,2023-05-30,1,5,95.37,85.23,85.19,435.68,716.18,192.96,0,0
2023-05-31,2023-05-31,2,5,97.52,87.52,87.01,444.63,716.16,198.37,0,0
2023-06-01,2023-06-01,3,6,92.75,87.28,86.82,443.95,720.15,197.9,0,0
2023-06-02,2023-06-02,4,6,94.62,89.32,88.45,452.09,718.19,202.79,0,0
2023-06-03,2023-06-03,5,6,90.46,86.58,86.26,429.21,716.34,192.06,1,0
2023-06-04,2023-06-04,6,6,90.69,86.36,86.09,430.16,718.6,192.27,1,0
2023-06-05,2023-06-05,0,6,96.47,90.33,89.26,459.82,719.18,206.71,0,0
2023-06-06,2023-06-06,1,6,95.5,88.56,87.85,455.4,719.92,203.53,0,0
2023-06-07,2023-06-07,2,6,96.25,89.33,88.47,458.19,721.91,205.27,0,0
2023-06-08,2023-06-08,3,6,96.24,89.13,88.31,457.62,721.28,204.88,0,0
2023-06-09,2023-06-09,4,6,96.11,88.85,88.08,456.37,720.8,204.16,0,0
2023-06-10,2023-06-10,5,6,90.19,84.3,84.44,425.4,722.22,188.73,1,0
2023-06-11,2023-06-11,6,6,89.93,84.03,84.22,423.39,725.54,187.72,1,0
2023-06-12,2023-06-12,0,6,95.43,88.17,87.54,450.79,727.91,201.39,0,0
2023-06-13,2023-06-13,1,6,96.54,89.96,88.97,454.39,728.02,204.27,0,0
2023-06-14,2023-06-14,2,6,137.73,98.0,95.0,693.82,729.07,330.87,0,1
2023-06-15,2023-06-15,3,6,116.9,98.0,95.0,566.26,728.29,263.15,0,1
2023-06-16,2023-06-16,4,6,104.51,93.36,91.27,496.29,726.85,225.44,0,1
2023-06-17,2023-06-17,5,6,89.18,84.6,84.68,413.8,730.36,184.35,1,0
2023-06-18,2023-06-18,6,6,86.39,80.93,81.75,401.03,730.25,176.32,1,0
2023-06-19,2023-06-19,0,6,93.55,87.33,86.86,435.19,729.53,194.5,0,0
2023-06-20,2023-06-20,1,6,93.11,86.82,86.45,432.47,732.41,193.01,0,0
2023-06-21,2023-06-21,2,6,93.89,87.93,87.34,434.99,734.77,194.91,0,0
2023-06-22,2023-06-22,3,6,92.26,85.57,85.45,427.5,737.23,190.03,0,0
2023-06-23,2023-06-23,4,6,91.6,84.48,84.58,424.26,736.87,187.86,0,0
2023-06-24,2023-06-24,5,6,85.24,79.17,80.33,392.3,736.53,171.44,1,0
2023-06-25,2023-06-25,6,6,84.3,77.51,79.01,388.22,736.11,168.48,1,0
2023-06-26,2023-06-26,0,6,93.99,86.69,86.35,433.52,735.36,193.35,0,0
2023-06-27,2023-06-27,1,6,95.28,87.94,87.35,438.86,737.98,196.49,0,0
2023-06-28,2023-06-28,2,6,95.66,87.86,87.29,440.47,741.95,197.07,0,0
2023-06-29,2023-06-29,3,6,94.25,85.28,85.22,434.73,745.05,192.71,0,0
2023-06-30,2023-06-30,4,6,97.83,89.56,88.65,449.7,748.63,202.13,0,0
2023-07-01,2023-07-01,5,7,120.56,98.0,95.0,627.11,749.5,296.6,1,1
2023-07-02,2023-07-02,6,7,84.87,82.99,83.39,417.61,752.11,184.65,1,0
2023-07-03,2023-07-03,0,7,91.34,88.15,87.52,451.43,752.62,201.7,0,0
2023-07-04,2023-07-04,1,7,92.74,89.67,88.74,457.6,754.34,205.39,0,0
2023-07-05,2023-07-05,2,7,91.65,87.59,87.07,452.61,755.74,201.74,0,0
2023-07-06,2023-07-06,3,7,93.51,89.95,88.96,460.57,755.01,206.81,0,0
2023-07-07,2023-07-07,4,7,94.25,90.75,89.6,463.45,755.76,208.61,0,0
2023-07-08,2023-07-08,5,7,89.42,87.29,86.83,436.58,760.54,195.69,1,0
2023-07-09,2023-07-09,6,7,88.47,85.82,85.66,431.78,760.31,192.6,1,0
2023-07-10,2023-07-10,0,7,92.47,87.89,87.31,453.68,759.28,202.42,0,0
2023-07-11,2023-07-11,1,7,93.77,89.9,88.92,458.5,760.24,205.95,0,0
2023-07-12,2023-07-12,2,7,92.21,87.79,87.23,450.66,763.81,201.13,0,0
2023-07-13,2023-07-13,3,7,91.75,87.36,86.89,447.58,765.92,199.56,0,0
2023-07-14,2023-07-14,4,7,91.04,86.61,86.29,443.38,768.72,197.29,0,0
2023-07-15,2023-07-15,5,7,84.28,80.89,81.71,407.67,768.08,179.03,1,0
2023-07-16,2023-07-16,6,7,85.17,82.5,83.0,410.48,770.44,181.45,1,0
2023-07-17,2023-07-17,0,7,92.19,89.17,88.33,445.01,770.74,200.0,0,0
2023-07-18,2023-07-18,1,7,92.95,90.51,89.41,447.27,774.62,201.98,0,0
2023-07-19,2023-07-19,2,7,89.69,85.97,85.78,432.13,777.05,192.3,0,0
2023-07-20,2023-07-20,3,7,91.18,88.24,87.59,437.72,776.48,196.34,0,0
2023-07-21,2023-07-21,4,7,89.52,85.86,85.69,429.78,774.97,191.27,0,0
2023-07-22,2023-07-22,5,7,82.44,79.41,80.52,393.52,773.3,172.21,1,0
2023-07-23,2023-07-23,6,7,85.01,82.95,83.36,404.18,773.93,179.31,1,0
2023-07-24,2023-07-24,0,7,90.56,86.85,86.48,432.86,773.82,193.31,0,0
2023-07-25,2023-07-25,1,7,92.59,89.42,88.53,441.43,776.38,198.79,0,0
2023-07-26,2023-07-26,2,7,89.6,84.65,84.72,428.39,777.91,189.76,0,0
2023-07-27,2023-07-27,3,7,94.72,91.47,90.18,450.45,777.81,204.05,0,0
2023-07-28,2023-07-28,4,7,94.14,90.05,89.04,448.01,776.88,201.94,0,0
2023-07-29,2023-07-29,5,7,87.37,83.55,83.84,414.03,775.81,183.75,1,0
2023-07-30,2023-07-30,6,7,87.83,83.56,83.85,416.18,779.89,184.62,1,0
2023-07-31,2023-07-31,0,7,93.98,87.86,87.29,447.71,779.63,200.08,0,0
2023-08-01,2023-08-01,1,8,87.86,89.12,88.29,451.51,782.23,202.61,0,0
2023-08-02,2023-08-02,2,8,88.26,89.09,88.27,453.45,785.93,203.37,0,0
2023-08-03,2023-08-03,3,8,89.57,90.52,89.41,459.57,788.27,206.96,0,0
2023-08-04,2023-08-04,4,8,89.35,89.63,88.71,458.51,792.32,205.83,0,0
2023-08-05,2023-08-05,5,8,86.07,87.96,87.37,438.25,793.1,196.99,1,0
2023-08-06,2023-08-06,6,8,85.17,86.21,85.97,433.89,797.82,193.85,1,0
2023-08-07,2023-08-07,0,8,90.48,90.24,89.19,462.95,796.79,208.1,0,0
2023-08-08,2023-08-08,1,8,91.86,92.18,90.74,468.8,795.54,211.99,0,0
2023-08-09,2023-08-09,2,8,89.27,88.14,87.51,456.27,798.18,203.76,0,0
2023-08-10,2023-08-10,3,8,91.09,90.93,89.75,463.83,802.81,209.02,0,0
2023-08-11,2023-08-11,4,8,90.56,90.23,89.18,460.53,806.51,207.14,0,0
2023-08-12,2023-08-12,5,8,83.35,83.28,83.62,421.66,805.08,186.64,1,0
2023-08-13,2023-08-13,6,8,82.66,82.49,82.99,417.51,805.07,184.34,1,0
2023-08-14,2023-08-14,0,8,90.39,90.69,89.55,456.65,809.61,205.96,0,0
2023-08-15,2023-08-15,1,8,89.88,90.22,89.17,453.19,809.42,204.2,0,0
2023-08-16,2023-08-16,2,8,88.63,88.63,87.91,446.39,812.92,200.22,0,0
2023-08-17,2023-08-17,3,8,89.72,90.57,89.45,450.24,816.73,203.31,0,0
2023-08-18,2023-08-18,4,8,88.06,88.31,87.65,441.69,818.23,198.09,0,0
2023-08-19,2023-08-19,5,8,83.03,84.73,84.78,412.93,818.97,184.32,1,0
2023-08-20,2023-08-20,6,8,81.97,83.25,83.6,407.31,820.15,180.9,1,0
2023-08-21,2023-08-21,0,8,86.68,86.56,86.24,432.9,819.77,193.18,0,0
2023-08-22,2023-08-22,1,8,85.89,85.31,85.25,428.77,824.03,190.54,0,0
2023-08-23,2023-08-23,2,8,86.47,86.01,85.81,430.9,825.22,191.95,0,0
2023-08-24,2023-08-24,3,8,132.62,98.0,95.0,713.09,829.43,342.64,0,1
2023-08-25,2023-08-25,4,8,89.05,89.25,88.4,441.97,828.21,198.98,0,0
2023-08-26,2023-08-26,5,8,83.37,84.12,84.3,411.35,833.16,183.23,1,0
2023-08-27,2023-08-27,6,8,83.5,83.79,84.03,411.94,834.29,183.2,1,0
2023-08-28,2023-08-28,0,8,90.26,89.48,88.58,447.35,832.66,201.32,0,0
2023-08-29,2023-08-29,1,8,90.61,89.38,88.5,449.07,830.96,201.94,0,0
2023-08-30,2023-08-30,2,8,91.08,89.42,88.53,451.29,834.22,202.85,0,0
2023-08-31,2023-08-31,3,8,90.03,87.21,86.77,446.78,836.86,199.28,0,0
2023-09-01,2023-09-01,4,9,87.31,91.18,89.94,458.73,840.51,207.25,0,0
2023-09-02,2023-09-02,5,9,81.18,84.7,84.76,424.81,839.28,189.1,1,0
2023-09-03,2023-09-03,6,9,83.26,87.4,86.92,434.75,837.57,195.23,1,0
2023-09-04,2023-09-04,0,9,89.18,92.37,90.9,467.75,839.16,211.82,0,0
2023-09-05,2023-09-05,1,9,87.87,89.85,88.88,461.45,839.91,207.29,0,0
2023-09-06,2023-09-06,2,9,89.77,92.47,90.97,470.19,841.17,212.87,0,0
2023-09-07,2023-09-07,3,9,88.77,90.6,89.48,465.07,846.15,209.34,0,0
2023-09-08,2023-09-08,4,9,88.9,90.63,89.5,465.18,850.98,209.41,0,0
2023-09-09,2023-09-09,5,9,84.17,86.98,86.58,437.32,855.61,195.95,1,0
2023-09-10,2023-09-10,6,9,84.07,86.86,86.49,436.17,859.13,195.4,1,0
2023-09-11,2023-09-11,0,9,88.95,90.77,89.61,463.18,859.64,208.73,0,0
2023-09-12,2023-09-12,1,9,87.32,88.41,87.73,454.6,860.56,203.42,0,0
2023-09-13,2023-09-13,2,9,88.1,89.89,88.91,457.24,862.44,205.66,0,0
2023-09-14,2023-09-14,3,9,89.99,93.11,91.48,464.94,866.29,211.32,0,0
2023-09-15,2023-09-15,4,9,84.64,85.11,85.09,438.92,864.8,194.52,0,0
2023-09-16,2023-09-16,5,9,82.34,85.69,85.56,422.12,865.81,188.86,1,0
2023-09-17,2023-09-17,6,9,82.08,85.59,85.48,419.86,864.42,187.89,1,0
2023-09-18,2023-09-18,0,9,84.73,86.13,85.9,436.18,866.05,194.24,0,0
2023-09-19,2023-09-19,1,9,85.27,87.17,86.73,437.78,870.38,195.71,0,0
2023-09-20,2023-09-20,2,9,84.53,86.14,85.91,433.5,873.89,193.19,0,0
2023-09-21,2023-09-21,3,9,87.19,90.27,89.21,445.07,873.52,201.12,0,0
2023-09-22,2023-09-22,4,9,86.45,89.07,88.26,441.08,878.38,198.57,0,0
2023-09-23,2023-09-23,5,9,81.21,84.66,84.73,411.38,881.09,183.77,1,0
2023-09-24,2023-09-24,6,9,80.43,83.22,83.57,407.52,879.2,181.07,1,0
2023-09-25,2023-09-25,0,9,87.37,89.69,88.75,444.33,879.02,200.38,0,0
2023-09-26,2023-09-26,1,9,86.54,87.97,87.38,440.44,878.88,197.45,0,0
2023-09-27,2023-09-27,2,9,88.43,90.35,89.28,449.16,877.39,202.84,0,0
2023-09-28,2023-09-28,3,9,87.59,88.47,87.78,445.35,882.15,199.82,0,0
2023-09-29,2023-09-29,4,9,87.75,88.09,87.47,446.23,883.53,199.87,0,0
2023-09-30,2023-09-30,5,9,85.45,87.76,87.2,430.85,887.83,194.05,1,0
2023-10-01,2023-10-01,6,10,82.4,85.44,85.35,426.01,888.12,190.27,1,0
2023-10-02,2023-10-02,0,10,87.56,89.04,88.23,455.33,887.03,204.28,0,0
2023-10-03,2023-10-03,1,10,88.17,89.4,88.52,458.26,888.38,205.74,0,0
2023-10-04,2023-10-04,2,10,88.71,89.73,88.79,460.84,887.21,207.04,0,0
2023-10-05,2023-10-05,3,10,90.87,92.62,91.1,470.77,888.65,213.33,0,0
2023-10-06,2023-10-06,4,10,90.31,91.39,90.11,467.97,893.13,211.23,0,0
2023-10-07,2023-10-07,5,10,87.5,90.59,89.47,449.54,894.8,203.82,1,0
2023-10-08,2023-10-08,6,10,86.54,88.94,88.15,444.62,897.15,200.53,1,0
2023-10-09,2023-10-09,0,10,91.02,91.98,90.58,469.82,896.28,212.45,0,0
2023-10-10,2023-10-10,1,10,92.01,93.54,91.84,473.71,894.62,215.26,0,0
2023-10-11,2023-10-11,2,10,89.94,90.47,89.37,463.28,893.43,208.63,0,0
2023-10-12,2023-10-12,3,10,88.3,88.13,87.51,454.76,895.65,203.36,0,0
2023-10-13,2023-10-13,4,10,88.75,89.09,88.27,455.84,894.35,204.55,0,0
2023-10-14,2023-10-14,5,10,126.24,98.0,95.0,692.33,895.02,332.48,1,1
2023-10-15,2023-10-15,6,10,105.68,98.0,95.0,555.18,896.9,259.23,1,1
2023-10-16,2023-10-16,0,10,89.15,90.63,89.5,454.42,897.66,205.23,0,0
2023-10-17,2023-10-17,1,10,87.77,88.82,88.06,447.05,896.84,200.84,0,0
2023-10-18,2023-10-18,2,10,88.23,89.79,88.83,448.16,896.79,202.06,0,0
2023-10-19,2023-10-19,3,10,88.65,90.62,89.5,449.15,901.32,203.13,0,0
2023-10-20,2023-10-20,4,10,86.82,87.95,87.36,439.94,904.08,197.31,0,0
2023-10-21,2023-10-21,5,10,81.91,84.32,84.46,411.73,905.59,183.73,1,0
2023-10-22,2023-10-22,6,10,79.62,80.79,81.63,400.72,903.71,176.5,1,0
2023-10-23,2023-10-23,0,10,86.81,87.75,87.2,438.15,908.69,196.44,0,0
2023-10-24,2023-10-24,1,10,85.95,86.19,85.95,433.94,911.42,193.52,0,0
2023-10-25,2023-10-25,2,10,87.67,88.44,87.75,441.58,911.68,198.38,0,0
2023-10-26,2023-10-26,3,10,88.23,88.84,88.07,444.04,915.86,199.68,0,0
2023-10-27,2023-10-27,4,10,88.78,89.16,88.33,446.59,915.71,200.97,0,0
2023-10-28,2023-10-28,5,10,113.89,98.0,95.0,598.51,917.55,282.47,1,1
2023-10-29,2023-10-29,6,10,102.47,98.0,95.0,523.21,920.03,243.88,1,1
2023-10-30,2023-10-30,0,10,89.32,88.14,87.51,449.5,919.62,201.32,0,0
2023-10-31,2023-10-31,1,10,89.97,88.48,87.78,452.63,924.5,202.85,0,0
2023-11-01,2023-11-01,2,11,95.26,92.97,91.38,466.14,927.77,211.85,0,0
2023-11-02,2023-11-02,3,11,93.56,89.85,88.88,458.79,929.71,206.41,0,0
2023-11-03,2023-11-03,4,11,93.97,89.87,88.89,460.69,929.0,207.19,0,0
2023-11-04,2023-11-04,5,11,92.19,90.56,89.45,447.87,927.41,203.22,1,0
2023-11-05,2023-11-05,6,11,91.33,88.85,88.08,443.99,927.69,200.31,1,0
2023-11-06,2023-11-06,0,11,95.76,91.17,89.93,468.33,930.99,211.3,0,0
2023-11-07,2023-11-07,1,11,96.85,92.49,90.99,472.76,930.91,214.13,0,0
2023-11-08,2023-11-08,2,11,98.75,95.1,93.08,480.62,932.72,219.37,0,0
2023-11-09,2023-11-09,3,11,97.46,93.15,91.52,474.36,935.85,215.3,0,0
2023-11-10,2023-11-10,4,11,97.94,93.89,92.11,475.76,934.64,216.46,0,0
2023-11-11,2023-11-11,5,11,91.49,88.43,87.75,441.71,937.47,199.08,1,0
2023-11-12,2023-11-12,6,11,91.27,88.33,87.66,439.88,936.15,198.26,1,0
2023-11-13,2023-11-13,0,11,95.67,91.15,89.92,463.06,940.94,209.19,0,0
2023-11-14,2023-11-14,1,11,95.17,90.72,89.58,459.83,942.39,207.57,0,0
2023-11-15,2023-11-15,2,11,94.93,90.71,89.57,457.74,941.48,206.72,0,0
2023-11-16,2023-11-16,3,11,94.92,91.01,89.81,456.6,941.91,206.51,0,0
2023-11-17,2023-11-17,4,11,93.39,89.1,88.28,448.92,942.83,201.92,0,0
2023-11-18,2023-11-18,5,11,87.63,84.86,84.89,417.93,946.17,186.74,1,0
2023-11-19,2023-11-19,6,11,86.83,83.92,84.14,413.58,949.41,184.25,1,0
2023-11-20,2023-11-20,0,11,92.8,88.83,88.07,443.62,951.73,199.59,0,0
2023-11-21,2023-11-21,1,11,91.23,86.63,86.3,436.19,950.5,194.86,0,0
2023-11-22,2023-11-22,2,11,95.24,92.34,90.88,452.93,949.6,206.13,0,0
2023-11-23,2023-11-23,3,11,91.87,87.35,86.88,437.99,948.29,196.17,0,0
2023-11-24,2023-11-24,4,11,92.51,88.01,87.41,440.44,950.36,197.68,0,0
2023-11-25,2023-11-25,5,11,86.6,83.01,83.41,409.83,954.54,182.04,1,0
2023-11-26,2023-11-26,6,11,88.59,85.43,85.34,418.33,955.61,187.37,1,0
2023-11-27,2023-11-27,0,11,94.14,89.04,88.23,447.25,954.76,201.23,0,0
2023-11-28,2023-11-28,1,11,94.0,88.27,87.61,446.78,956.7,200.43,0,0
2023-11-29,2023-11-29,2,11,96.42,91.11,89.89,457.33,960.42,206.93,0,0
2023-11-30,2023-11-30,3,11,97.32,91.75,90.4,461.35,963.65,209.05,0,0
2023-12-01,2023-12-01,4,12,103.3,90.89,89.71,460.9,967.85,208.19,0,0
2023-12-02,2023-12-02,5,12,97.19,85.91,85.73,431.48,967.83,193.04,1,0
2023-12-03,2023-12-03,6,12,101.09,90.57,89.46,447.3,967.22,203.1,1,0
2023-12-04,2023-12-04,0,12,105.88,92.62,91.1,471.54,971.41,213.84,0,0
2023-12-05,2023-12-05,1,12,104.6,90.46,89.37,466.33,974.05,210.03,0,0
2023-12-06,2023-12-06,2,12,108.03,94.68,92.74,479.87,974.26,218.82,0,0
2023-12-07,2023-12-07,3,12,105.75,91.38,90.1,470.43,977.49,212.41,0,0
2023-12-08,2023-12-08,4,12,109.94,96.79,94.43,486.71,981.23,223.26,0,0
2023-12-09,2023-12-09,5,12,100.67,88.23,87.58,444.11,983.56,199.97,1,0
2023-12-10,2023-12-10,6,12,101.57,89.48,88.58,447.04,986.41,202.14,1,0
2023-12-11,2023-12-11,0,12,137.27,98.0,95.0,639.59,987.07,302.05,0,1
2023-12-12,2023-12-12,1,12,104.61,90.01,89.01,462.42,988.88,208.12,0,0
2023-12-13,2023-12-13,2,12,107.11,93.59,91.87,471.38,990.58,214.58,0,0
2023-12-14,2023-12-14,3,12,105.45,91.68,90.35,463.71,994.55,209.99,0,0
2023-12-15,2023-12-15,4,12,106.86,93.87,92.1,468.23,998.46,213.55,0,0
2023-12-16,2023-12-16,5,12,98.23,86.64,86.31,427.98,1002.32,192.27,1,0
2023-12-17,2023-12-17,6,12,97.32,85.75,85.6,423.35,1000.43,189.71,1,0
2023-12-18,2023-12-18,0,12,104.96,92.25,90.8,457.6,1003.72,208.01,0,0
2023-12-19,2023-12-19,1,12,103.78,90.9,89.72,452.03,1007.06,204.71,0,0
2023-12-20,2023-12-20,2,12,102.13,88.86,88.09,444.72,1009.84,200.16,0,0
2023-12-21,2023-12-21,3,12,100.95,87.36,86.89,439.4,1013.17,196.83,0,0
2023-12-22,2023-12-22,4,12,132.37,98.0,95.0,602.66,1017.1,283.17,0,1
2023-12-23,2023-12-23,5,12,113.04,95.1,92.52,496.64,1018.42,228.79,1,1
2023-12-24,2023-12-24,6,12,103.66,88.43,87.46,451.64,1019.97,204.32,1,1
2023-12-25,2023-12-25,0,12,110.9,96.3,93.88,481.43,1018.88,221.44,0,1
2023-12-26,2023-12-26,1,12,102.78,88.53,87.82,445.14,1019.61,200.08,0,0
2023-12-27,2023-12-27,2,12,103.39,88.82,88.05,447.59,1022.14,201.29,0,0
2023-12-28,2023-12-28,3,12,103.15,87.93,87.34,446.77,1025.64,200.26,0,0
2023-12-29,2023-12-29,4,12,105.38,90.23,89.18,455.68,1025.19,205.66,0,0
2023-12-30,2023-12-30,5,12,99.34,85.56,85.45,427.3,1024.19,191.18,1,0
2023-12-31,2023-12-31,6,12,102.93,89.6,88.68,441.52,1026.87,200.1,1,0
2024-01-01,2024-01-01,0,1,116.38,91.76,90.41,464.54,1024.91,210.44,0,0
2024-01-02,2024-01-02,1,1,117.02,91.91,90.53,467.01,1024.19,211.55,0,0
2024-01-03,2024-01-03,2,1,117.65,92.1,90.68,469.42,1022.43,212.67,0,0
2024-01-04,2024-01-04,3,1,119.51,93.81,92.05,476.14,1021.63,216.73,0,0
2024-01-05,2024-01-05,4,1,118.54,92.21,90.77,472.61,1020.94,214.05,0,0
2024-01-06,2024-01-06,5,1,113.43,89.58,88.66,449.09,1021.68,203.14,1,0
2024-01-07,2024-01-07,6,1,114.91,91.1,89.88,454.13,1022.53,206.37,1,0
2024-01-08,2024-01-08,0,1,120.59,93.89,92.11,479.03,1026.69,217.96,0,0
2024-01-09,2024-01-09,1,1,119.69,92.75,91.2,475.22,1028.29,215.53,0,0
2024-01-10,2024-01-10,2,1,118.64,91.54,90.23,470.78,1031.39,212.79,0,0
2024-01-11,2024-01-11,3,1,119.19,92.33,90.87,471.95,1030.15,213.9,0,0
2024-01-12,2024-01-12,4,1,119.83,93.3,91.64,473.31,1029.76,215.22,0,0
2024-01-13,2024-01-13,5,1,109.64,85.31,85.25,431.07,1032.71,192.53,1,0
2024-01-14,2024-01-14,6,1,112.04,88.47,87.78,438.61,1031.12,198.08,1,0
2024-01-15,2024-01-15,0,1,117.66,91.64,90.31,462.56,1032.56,209.6,0,0
2024-01-16,2024-01-16,1,1,161.26,98.0,95.0,675.96,1034.79,323.31,0,1
2024-01-17,2024-01-17,2,1,138.93,98.0,95.0,561.44,1037.03,262.04,0,1
2024-01-18,2024-01-18,3,1,115.07,89.49,88.59,450.33,1035.23,202.99,0,0
2024-01-19,2024-01-19,4,1,116.0,90.8,89.64,452.76,1035.52,205.02,0,0
2024-01-20,2024-01-20,5,1,107.69,84.98,84.99,417.61,1038.01,186.91,1,0
2024-01-21,2024-01-21,6,1,107.03,84.27,84.42,414.66,1037.08,185.16,1,0
2024-01-22,2024-01-22,0,1,115.34,90.16,89.12,448.41,1039.98,202.78,0,0
2024-01-23,2024-01-23,1,1,115.53,90.23,89.19,448.67,1043.24,202.94,0,0
2024-01-24,2024-01-24,2,1,113.58,87.7,87.16,441.54,1048.15,198.07,0,0
2024-01-25,2024-01-25,3,1,116.37,90.62,89.49,451.18,1047.65,204.26,0,0
2024-01-26,2024-01-26,4,1,119.44,93.78,92.02,461.91,1051.46,211.09,0,0
2024-01-27,2024-01-27,5,1,110.42,86.55,86.24,425.34,1053.13,191.28,1,0
2024-01-28,2024-01-28,6,1,108.44,83.68,83.94,418.56,1053.78,186.28,1,0
2024-01-29,2024-01-29,0,1,118.86,91.41,90.13,460.27,1052.67,208.55,0,0
2024-01-30,2024-01-30,1,1,117.19,88.83,88.06,454.64,1055.85,204.23,0,0
2024-01-31,2024-01-31,2,1,124.54,96.76,94.41,480.54,1055.54,220.94,0,0
2024-02-01,2024-02-01,3,2,132.74,95.38,93.3,476.43,1056.17,218.2,0,0
2024-02-02,2024-02-02,4,2,129.67,91.44,90.15,466.64,1054.64,211.13,0,0
2024-02-03,2024-02-03,5,2,120.64,84.95,84.96,432.51,1058.28,192.89,1,0
2024-02-04,2024-02-04,6,2,123.31,87.33,86.86,441.23,1061.68,198.29,1,0
2024-02-05,2024-02-05,0,2,132.65,93.14,91.51,476.42,1064.85,216.41,0,0
2024-02-06,2024-02-06,1,2,130.95,90.95,89.76,470.75,1064.98,212.4,0,0
2024-02-07,2024-02-07,2,2,133.64,93.59,91.88,479.15,1064.23,217.88,0,0
2024-02-08,2024-02-08,3,2,133.63,93.43,91.75,478.7,1066.73,217.57,0,0
2024-02-09,2024-02-09,4,2,185.32,98.0,95.0,711.46,1068.23,341.93,0,1
2024-02-10,2024-02-10,5,2,126.24,89.34,88.47,448.69,1067.51,202.89,1,0
2024-02-11,2024-02-11,6,2,124.23,87.31,86.85,441.42,1070.35,198.38,1,0
2024-02-12,2024-02-12,0,2,131.69,91.69,90.35,469.53,1075.32,212.52,0,0
2024-02-13,2024-02-13,1,2,132.38,92.69,91.15,470.76,1078.58,213.82,0,0
2024-02-14,2024-02-14,2,2,130.78,91.3,90.04,464.62,1081.8,210.25,0,0
2024-02-15,2024-02-15,3,2,132.27,93.2,91.56,468.3,1086.48,213.25,0,0
2024-02-16,2024-02-16,4,2,130.35,91.5,90.2,461.13,1085.94,209.02,0,0
2024-02-17,2024-02-17,5,2,124.45,89.36,88.49,436.27,1087.93,197.97,1,0
2024-02-18,2024-02-18,6,2,122.4,87.45,86.96,428.75,1092.82,193.44,1,0
2024-02-19,2024-02-19,0,2,130.15,92.08,90.66,457.62,1092.01,208.09,0,0
2024-02-20,2024-02-20,1,2,128.43,90.39,89.31,451.37,1094.94,204.25,0,0
2024-02-21,2024-02-21,2,2,128.27,90.28,89.22,450.21,1097.08,203.69,0,0
2024-02-22,2024-02-22,3,2,130.47,92.57,91.05,456.68,1099.22,208.12,0,0
2024-02-23,2024-02-23,4,2,127.64,89.42,88.54,447.27,1102.13,201.84,0,0
2024-02-24,2024-02-24,5,2,121.41,86.41,86.13,422.21,1106.68,190.01,1,0
2024-02-25,2024-02-25,6,2,120.75,85.38,85.3,419.99,1110.19,188.3,1,0
2024-02-26,2024-02-26,0,2,129.28,90.14,89.11,452.03,1108.61,204.33,0,0
2024-02-27,2024-02-27,1,2,128.79,89.11,88.29,450.55,1112.62,202.92,0,0
2024-02-28,2024-02-28,2,2,130.29,90.13,89.11,455.45,1112.23,205.7,0,0
2024-02-29,2024-02-29,3,2,130.99,90.27,89.21,457.88,1112.9,206.78,0,0
2024-03-01,2024-03-01,4,3,141.92,93.4,91.72,471.47,1114.16,214.73,0,0
2024-03-02,2024-03-02,5,3,135.28,89.98,88.99,446.74,1115.56,202.7,1,0
2024-03-03,2024-03-03,6,3,134.52,88.66,87.93,444.61,1116.64,200.8,1,0
2024-03-04,2024-03-04,0,3,144.19,93.97,92.18,478.64,1121.24,218.06,0,0
2024-03-05,2024-03-05,1,3,144.32,93.66,91.93,478.97,1124.21,217.95,0,0
2024-03-06,2024-03-06,2,3,143.86,92.86,91.29,477.45,1126.67,216.71,0,0
2024-03-07,2024-03-07,3,3,146.74,95.48,93.38,485.76,1125.05,222.12,0,0
2024-03-08,2024-03-08,4,3,146.6,95.18,93.14,484.9,1129.41,221.54,0,0
2024-03-09,2024-03-09,5,3,134.34,86.79,86.43,442.83,1133.81,198.61,1,0
2024-03-10,2024-03-10,6,3,136.57,89.05,88.24,448.8,1137.3,202.81,1,0
2024-03-11,2024-03-11,0,3,143.68,92.42,90.94,474.22,1135.39,215.08,0,0
2024-03-12,2024-03-12,1,3,143.91,92.87,91.29,474.03,1133.82,215.36,0,0
2024-03-13,2024-03-13,2,3,142.86,92.1,90.68,469.96,1133.43,213.12,0,0
2024-03-14,2024-03-14,3,3,143.1,92.66,91.12,469.67,1132.38,213.45,0,0
2024-03-15,2024-03-15,4,3,141.92,91.83,90.47,465.15,1133.21,210.99,0,0
2024-03-16,2024-03-16,5,3,132.7,86.9,86.52,431.81,1137.7,194.31,1,0
2024-03-17,2024-03-17,6,3,134.2,88.71,87.97,435.28,1139.04,197.15,1,0
2024-03-18,2024-03-18,0,3,141.18,92.04,90.63,459.99,1137.16,209.1,0,0
2024-03-19,2024-03-19,1,3,138.74,89.85,88.88,451.91,1137.18,204.12,0,0
2024-03-20,2024-03-20,2,3,138.58,89.84,88.88,450.69,1135.52,203.64,0,0
2024-03-21,2024-03-21,3,3,139.96,91.26,90.01,454.13,1133.81,206.15,0,0
2024-03-22,2024-03-22,4,3,139.93,91.19,89.95,453.51,1133.77,205.85,0,0
2024-03-23,2024-03-23,5,3,129.9,85.07,85.05,418.67,1133.74,187.61,1,0
2024-03-24,2024-03-24,6,3,185.49,98.0,95.0,635.8,1137.28,303.62,1,1
2024-03-25,2024-03-25,0,3,169.88,98.0,95.0,569.26,1142.14,268.34,0,1
2024-03-26,2024-03-26,1,3,140.03,90.14,89.12,453.02,1142.77,204.83,0,0
2024-03-27,2024-03-27,2,3,144.72,94.22,92.37,466.83,1143.8,213.61,0,0
2024-03-28,2024-03-28,3,3,144.45,93.39,91.71,466.18,1147.75,212.69,0,0
2024-03-29,2024-03-29,4,3,146.45,94.73,92.79,472.24,1147.66,216.19,0,0
2024-03-30,2024-03-30,5,3,135.35,87.13,86.71,435.05,1146.79,195.84,1,0
2024-03-31,2024-03-31,6,3,137.14,88.26,87.61,440.54,1150.79,198.94,1,0
2024-04-01,2024-04-01,0,4,213.51,98.0,95.0,731.42,1149.15,352.91,0,1
2024-04-02,2024-04-02,1,4,184.33,98.0,95.0,610.74,1151.52,289.4,0,1
2024-04-03,2024-04-03,2,4,167.41,98.0,95.0,540.58,1153.49,250.87,0,1
2024-04-04,2024-04-04,3,4,152.82,95.24,93.19,483.48,1153.95,221.12,0,0
2024-04-05,2024-04-05,4,4,153.47,95.43,93.34,485.29,1154.19,221.99,0,0
2024-04-06,2024-04-06,5,4,144.11,90.02,89.02,453.47,1157.62,205.55,1,0
2024-04-07,2024-04-07,6,4,146.6,92.15,90.72,460.31,1156.26,209.98,1,0
2024-04-08,2024-04-08,0,4,153.67,94.88,92.9,485.03,1155.95,221.46,0,0
2024-04-09,2024-04-09,1,4,154.8,95.9,93.72,487.69,1159.11,223.34,0,0
2024-04-10,2024-04-10,2,4,174.71,98.0,95.0,565.75,1160.98,264.23,0,1
2024-04-11,2024-04-11,3,4,151.72,93.18,91.54,477.52,1159.91,217.11,0,0
2024-04-12,2024-04-12,4,4,212.98,98.0,95.0,720.1,1164.12,347.45,0,1
2024-04-13,2024-04-13,5,4,175.44,98.0,95.0,566.72,1164.91,266.56,1,1
2024-04-14,2024-04-14,6,4,159.66,97.06,94.25,503.17,1168.74,232.67,1,1
2024-04-15,2024-04-15,0,4,149.6,92.33,90.86,467.67,1172.29,212.5,0,0
2024-04-16,2024-04-16,1,4,151.84,94.77,92.81,472.95,1174.69,216.57,0,0
2024-04-17,2024-04-17,2,4,146.84,90.39,89.31,457.85,1176.18,207.03,0,0
2024-04-18,2024-04-18,3,4,146.09,89.96,88.97,454.8,1181.07,205.47,0,0
2024-04-19,2024-04-19,4,4,148.91,92.84,91.27,461.9,1180.12,210.61,0,0
2024-04-20,2024-04-20,5,4,139.5,87.99,87.39,429.65,1183.23,194.43,1,0
2024-04-21,2024-04-21,6,4,138.45,87.07,86.66,426.1,1182.6,192.29,1,0
2024-04-22,2024-04-22,0,4,146.28,90.54,89.43,452.6,1183.01,205.06,0,0
2024-04-23,2024-04-23,1,4,147.71,91.74,90.39,456.24,1183.2,207.48,0,0
2024-04-24,2024-04-24,2,4,150.04,93.67,91.94,462.5,1187.86,211.54,0,0
2024-04-25,2024-04-25,3,4,214.48,98.0,95.0,715.52,1192.67,346.92,0,1
2024-04-26,2024-04-26,4,4,145.9,89.06,88.25,450.79,1191.98,203.17,0,0
2024-04-27,2024-04-27,5,4,139.83,86.74,86.39,428.93,1190.17,193.17,1,0
2024-04-28,2024-04-28,6,4,140.73,87.02,86.62,431.63,1193.24,194.48,1,0
2024-04-29,2024-04-29,0,4,154.18,95.1,93.08,474.38,1194.2,217.45,0,0
2024-04-30,2024-04-30,1,4,148.68,89.37,88.5,459.31,1192.86,206.84,0,0
2024-05-01,2024-05-01,2,5,151.95,94.3,92.44,476.19,1195.68,217.54,0,0
2024-05-02,2024-05-02,3,5,151.81,93.56,91.84,475.99,1197.53,216.87,0,0
2024-05-03,2024-05-03,4,5,155.83,96.78,94.42,487.5,1202.42,224.05,0,0
2024-05-04,2024-05-04,5,5,147.65,92.4,90.92,459.45,1202.05,209.93,1,0
2024-05-05,2024-05-05,6,5,146.56,90.96,89.77,456.39,1202.91,207.56,1,0
2024-05-06,2024-05-06,0,5,152.87,92.73,91.18,479.08,1204.74,217.45,0,0
2024-05-07,2024-05-07,1,5,154.85,94.34,92.47,484.39,1208.32,220.87,0,0
2024-05-08,2024-05-08,2,5,155.2,94.52,92.62,484.96,1210.19,221.25,0,0
2024-05-09,2024-05-09,3,5,153.79,93.16,91.53,480.47,1212.51,218.36,0,0
2024-05-10,2024-05-10,4,5,157.54,96.73,94.38,490.36,1212.13,225.18,0,0
2024-05-11,2024-05-11,5,5,144.06,88.08,87.47,446.74,1216.09,201.42,1,0
2024-05-12,2024-05-12,6,5,148.99,92.92,91.33,459.72,1217.13,210.48,1,0
2024-05-13,2024-05-13,0,5,157.23,97.07,94.66,486.9,1216.15,224.08,0,0
2024-05-14,2024-05-14,1,5,152.71,93.17,91.53,473.23,1218.83,215.49,0,0
2024-05-15,2024-05-15,2,5,153.06,93.84,92.07,473.2,1218.38,216.02,0,0
2024-05-16,2024-05-16,3,5,151.61,92.84,91.27,468.16,1217.09,213.2,0,0
2024-05-17,2024-05-17,4,5,152.43,93.92,92.13,469.44,1221.16,214.59,0,0
2024-05-18,2024-05-18,5,5,143.39,89.63,88.71,438.31,1222.41,199.31,1,0
2024-05-19,2024-05-19,6,5,141.19,87.81,87.25,431.33,1225.69,195.06,1,0
2024-05-20,2024-05-20,0,5,150.09,92.4,90.92,460.4,1225.76,209.76,0,0
2024-05-21,2024-05-21,1,5,148.1,90.61,89.49,454.21,1229.3,205.86,0,0
2024-05-22,2024-05-22,2,5,149.77,92.13,90.7,458.36,1228.12,208.74,0,0
2024-05-23,2024-05-23,3,5,149.49,91.73,90.39,457.21,1228.64,207.97,0,0
2024-05-24,2024-05-24,4,5,148.11,90.23,89.18,453.15,1233.52,205.14,0,0
2024-05-25,2024-05-25,5,5,141.12,87.26,86.81,428.64,1237.12,193.56,1,0
2024-05-26,2024-05-26,6,5,141.25,86.97,86.57,429.03,1238.63,193.49,1,0
2024-05-27,2024-05-27,0,5,150.8,91.46,90.16,460.58,1239.04,209.1,0,0
2024-05-28,2024-05-28,1,5,150.94,91.03,89.82,461.14,1243.18,208.99,0,0
2024-05-29,2024-05-29,2,5,207.89,98.0,95.0,677.59,1245.03,325.05,0,1
2024-05-30,2024-05-30,3,5,181.77,98.0,95.0,573.33,1248.37,268.84,0,1
2024-05-31,2024-05-31,4,5,170.04,98.0,95.0,526.2,1251.68,243.78,0,1
2024-06-01,2024-06-01,5,6,141.81,91.16,89.93,451.31,1249.84,205.77,1,0
2024-06-02,2024-06-02,6,6,142.16,90.91,89.73,452.58,1248.76,206.09,1,0
2024-06-03,2024-06-03,0,6,149.27,93.37,91.7,478.31,1251.41,217.75,0,0
2024-06-04,2024-06-04,1,6,152.2,95.69,93.55,486.87,1250.57,223.04,0,0
2024-06-05,2024-06-05,2,6,152.57,95.63,93.5,487.93,1250.39,223.41,0,0
2024-06-06,2024-06-06,3,6,155.46,98.0,95.0,496.43,1255.05,228.85,0,0
2024-06-07,2024-06-07,4,6,177.18,98.0,95.0,585.68,1257.01,276.24,0,1
2024-06-08,2024-06-08,5,6,142.35,88.93,88.15,452.74,1260.3,204.59,1,0
2024-06-09,2024-06-09,6,6,146.07,92.46,90.96,462.9,1262.24,211.48,1,0
2024-06-10,2024-06-10,0,6,155.18,97.41,94.93,493.44,1264.14,227.06,0,0
2024-06-11,2024-06-11,1,6,153.68,96.12,93.9,488.38,1262.83,224.01,0,0
2024-06-12,2024-06-12,2,6,151.73,94.48,92.59,481.96,1263.27,220.13,0,0
2024-06-13,2024-06-13,3,6,155.25,98.0,95.0,491.51,1263.28,226.98,0,0
2024-06-14,2024-06-14,4,6,151.88,95.24,93.19,480.49,1264.05,220.15,0,0
2024-06-15,2024-06-15,5,6,144.45,92.33,90.86,453.21,1267.67,207.52,1,0
2024-06-16,2024-06-16,6,6,142.68,90.99,89.79,447.15,1268.31,204.03,1,0
2024-06-17,2024-06-17,0,6,149.28,93.78,92.02,470.06,1269.5,214.83,0,0
2024-06-18,2024-06-18,1,6,146.97,91.87,90.49,462.55,1270.32,210.3,0,0
2024-06-19,2024-06-19,2,6,147.3,92.41,90.93,462.65,1269.0,210.77,0,0
2024-06-20,2024-06-20,3,6,146.58,91.88,90.5,459.87,1270.13,209.24,0,0
2024-06-21,2024-06-21,4,6,144.78,90.24,89.19,454.13,1269.53,205.63,0,0
2024-06-22,2024-06-22,5,6,138.89,88.47,87.77,431.91,1268.87,195.93,1,0
2024-06-23,2024-06-23,6,6,140.49,89.86,88.89,436.12,1267.56,198.73,1,0
2024-06-24,2024-06-24,0,6,146.69,91.66,90.33,458.5,1268.09,208.53,0,0
2024-06-25,2024-06-25,1,6,151.15,95.54,93.43,471.03,1271.43,216.65,0,0
2024-06-26,2024-06-26,2,6,145.95,90.22,89.18,456.33,1271.39,206.52,0,0
2024-06-27,2024-06-27,3,6,150.98,94.47,92.57,470.65,1271.61,215.65,0,0
2024-06-28,2024-06-28,4,6,152.95,95.77,93.62,476.41,1274.15,219.0,0,0
2024-06-29,2024-06-29,5,6,168.61,98.0,95.0,536.71,1273.55,250.93,1,1
2024-06-30,2024-06-30,6,6,157.11,95.7,93.24,492.46,1277.86,227.24,1,1
2024-07-01,2024-07-01,0,7,144.43,96.11,93.89,483.66,1279.54,222.18,0,0
2024-07-02,2024-07-02,1,7,144.63,95.72,93.57,484.51,1280.7,222.21,0,0
2024-07-03,2024-07-03,2,7,141.84,92.34,90.87,476.23,1282.64,216.2,0,0
2024-07-04,2024-07-04,3,7,144.37,94.4,92.52,483.99,1281.84,220.95,0,0
2024-07-05,2024-07-05,4,7,146.29,95.91,93.73,489.77,1284.17,224.48,0,0
2024-07-06,2024-07-06,5,7,136.5,89.56,88.65,455.12,1284.74,206.14,1,0
2024-07-07,2024-07-07,6,7,138.17,91.01,89.81,459.93,1289.05,209.22,1,0
2024-07-08,2024-07-08,0,7,145.31,94.22,92.37,486.09,1288.27,221.66,0,0
2024-07-09,2024-07-09,1,7,146.74,95.61,93.49,489.86,1289.85,224.29,0,0
2024-07-10,2024-07-10,2,7,146.57,95.51,93.41,488.74,1292.07,223.76,0,0
2024-07-11,2024-07-11,3,7,207.63,98.0,95.0,748.64,1290.34,362.85,0,1
2024-07-12,2024-07-12,4,7,176.79,98.0,95.0,614.9,1290.92,291.35,0,1
2024-07-13,2024-07-13,5,7,154.94,98.0,95.0,520.09,1294.08,242.24,1,1
2024-07-14,2024-07-14,6,7,137.08,90.84,89.67,451.78,1297.86,205.85,1,0
2024-07-15,2024-07-15,0,7,145.65,95.91,93.73,481.46,1298.08,221.18,0,0
2024-07-16,2024-07-16,1,7,144.66,95.27,93.22,477.5,1301.71,219.1,0,0
2024-07-17,2024-07-17,2,7,143.8,94.73,92.79,473.93,1306.51,217.24,0,0
2024-07-18,2024-07-18,3,7,146.64,97.89,95.0,481.63,1310.54,222.85,0,0
2024-07-19,2024-07-19,4,7,142.0,93.46,91.77,466.82,1309.4,213.39,0,0
2024-07-20,2024-07-20,5,7,136.63,92.1,90.68,445.05,1312.61,204.19,1,0
2024-07-21,2024-07-21,6,7,133.1,88.68,87.94,433.95,1312.88,197.02,1,0
2024-07-22,2024-07-22,0,7,140.71,92.37,90.89,461.11,1317.84,210.23,0,0
2024-07-23,2024-07-23,1,7,140.42,91.95,90.56,459.89,1319.27,209.41,0,0
2024-07-24,2024-07-24,2,7,143.6,94.88,92.9,469.14,1318.16,215.46,0,0
2024-07-25,2024-07-25,3,7,144.33,95.26,93.21,471.17,1321.27,216.58,0,0
2024-07-26,2024-07-26,4,7,143.43,93.96,92.17,468.54,1321.56,214.49,0,0
2024-07-27,2024-07-27,5,7,136.64,90.59,89.47,443.51,1326.57,202.39,1,0
2024-07-28,2024-07-28,6,7,133.92,87.35,86.88,435.64,1331.47,196.65,1,0
2024-07-29,2024-07-29,0,7,142.97,91.86,90.49,467.69,1334.09,212.48,0,0
2024-07-30,2024-07-30,1,7,148.28,96.48,94.19,483.67,1333.04,222.58,0,0
2024-07-31,2024-07-31,2,7,147.26,94.86,92.88,480.91,1335.88,220.17,0,0
2024-08-01,2024-08-01,3,8,137.59,96.19,93.95,484.93,1334.56,222.85,0,0
2024-08-02,2024-08-02,4,8,136.46,94.4,92.52,481.6,1332.8,220.09,0,0
2024-08-03,2024-08-03,5,8,132.85,93.84,92.07,465.26,1336.59,213.71,1,0
2024-08-04,2024-08-04,6,8,129.09,89.37,88.5,453.44,1336.1,205.41,1,0
2024-08-05,2024-08-05,0,8,137.81,94.37,92.49,486.19,1336.78,221.91,0,0
2024-08-06,2024-08-06,1,8,142.03,98.0,95.0,500.37,1341.63,231.13,0,0
2024-08-07,2024-08-07,2,8,136.88,92.82,91.26,482.9,1342.02,219.37,0,0
2024-08-08,2024-08-08,3,8,141.27,97.32,94.86,496.43,1342.13,228.38,0,0
2024-08-09,2024-08-09,4,8,140.55,96.52,94.22,493.63,1346.59,226.63,0,0
2024-08-10,2024-08-10,5,8,131.55,90.92,89.74,459.53,1345.4,209.11,1,0
2024-08-11,2024-08-11,6,8,131.95,91.5,90.2,460.06,1348.75,209.79,1,0
2024-08-12,2024-08-12,0,8,138.44,94.73,92.79,484.74,1353.7,221.65,0,0
2024-08-13,2024-08-13,1,8,141.19,97.97,95.0,492.68,1358.04,227.42,0,0
2024-08-14,2024-08-14,2,8,140.9,97.99,95.0,490.76,1360.64,226.67,0,0
2024-08-15,2024-08-15,3,8,136.68,93.85,92.08,476.32,1360.87,217.58,0,0
2024-08-16,2024-08-16,4,8,137.34,94.89,92.92,477.4,1360.68,218.85,0,0
2024-08-17,2024-08-17,5,8,126.43,87.61,87.09,437.1,1364.45,197.51,1,0
2024-08-18,2024-08-18,6,8,129.25,90.86,89.69,445.08,1368.64,203.31,1,0
2024-08-19,2024-08-19,0,8,136.66,95.03,93.02,472.56,1370.35,217.04,0,0
2024-08-20,2024-08-20,1,8,134.37,92.79,91.23,464.63,1370.1,212.08,0,0
2024-08-21,2024-08-21,2,8,134.6,93.1,91.48,464.76,1368.92,212.38,0,0
2024-08-22,2024-08-22,3,8,134.39,92.87,91.29,463.65,1367.57,211.75,0,0
2024-08-23,2024-08-23,4,8,132.34,90.6,89.48,456.87,1370.63,207.23,0,0
2024-08-24,2024-08-24,5,8,129.22,90.95,89.76,441.89,1371.61,202.12,1,0
2024-08-25,2024-08-25,6,8,126.38,87.66,87.13,432.93,1375.98,195.91,1,0
2024-08-26,2024-08-26,0,8,135.03,92.44,90.95,465.01,1379.19,211.97,0,0
2024-08-27,2024-08-27,1,8,136.69,93.68,91.94,470.32,1378.56,215.09,0,0
2024-08-28,2024-08-28,2,8,139.24,95.78,93.62,478.46,1380.89,220.02,0,0
2024-08-29,2024-08-29,3,8,183.74,98.0,95.0,674.42,1381.97,323.48,0,1
2024-08-30,2024-08-30,4,8,136.96,92.2,90.76,471.87,1384.05,214.54,0,0
2024-08-31,2024-08-31,5,8,131.47,89.73,88.79,450.07,1387.25,204.44,1,0
2024-09-01,2024-09-01,6,9,125.58,91.72,90.37,456.05,1390.92,208.43,1,0
2024-09-02,2024-09-02,0,9,136.07,98.0,95.0,497.26,1394.86,230.36,0,0
2024-09-03,2024-09-03,1,9,132.61,94.48,92.59,484.72,1394.67,221.51,0,0
2024-09-04,2024-09-04,2,9,133.3,94.76,92.8,487.13,1392.93,222.7,0,0
2024-09-05,2024-09-05,3,9,133.63,94.69,92.76,488.2,1396.13,223.08,0,0
2024-09-06,2024-09-06,4,9,133.92,94.69,92.76,489.09,1394.91,223.44,0,0
2024-09-07,2024-09-07,5,9,130.52,94.56,92.65,472.66,1395.15,217.37,1,0
2024-09-08,2024-09-08,6,9,131.04,95.01,93.01,474.04,1393.21,218.28,1,0
2024-09-09,2024-09-09,0,9,136.81,97.47,94.97,497.5,1396.01,229.03,0,0
2024-09-10,2024-09-10,1,9,135.72,96.34,94.08,493.32,1395.22,226.47,0,0
2024-09-11,2024-09-11,2,9,138.01,98.0,95.0,501.6,1397.84,232.31,0,0
2024-09-12,2024-09-12,3,9,135.78,96.78,94.43,491.92,1402.81,226.27,0,0
2024-09-13,2024-09-13,4,9,136.42,97.81,95.0,493.23,1401.36,227.61,0,0
2024-09-14,2024-09-14,5,9,125.94,90.52,89.42,452.91,1399.93,206.26,1,0
2024-09-15,2024-09-15,6,9,126.02,90.96,89.77,452.19,1400.35,206.33,1,0
2024-09-16,2024-09-16,0,9,131.21,93.14,91.51,473.18,1404.44,215.87,0,0
2024-09-17,2024-09-17,1,9,133.13,95.56,93.45,478.48,1403.99,219.93,0,0
2024-09-18,2024-09-18,2,9,131.93,94.56,92.65,473.69,1404.54,217.21,0,0
2024-09-19,2024-09-19,3,9,129.94,92.64,91.11,466.41,1403.05,212.76,0,0
2024-09-20,2024-09-20,4,9,129.6,92.43,90.94,464.58,1406.43,211.87,0,0
2024-09-21,2024-09-21,5,9,125.16,91.52,90.22,444.54,1407.32,203.73,1,0
2024-09-22,2024-09-22,6,9,125.61,91.98,90.59,445.53,1410.67,204.5,1,0
2024-09-23,2024-09-23,0,9,130.41,93.22,91.58,465.78,1415.03,213.0,0,0
2024-09-24,2024-09-24,1,9,173.65,98.0,95.0,660.64,1414.69,317.07,0,1
2024-09-25,2024-09-25,2,9,153.71,98.0,95.0,567.17,1418.38,267.38,0,1
2024-09-26,2024-09-26,3,9,148.81,98.0,95.0,543.81,1416.82,254.71,0,1
2024-09-27,2024-09-27,4,9,139.62,96.72,94.13,502.11,1421.15,231.3,0,1
2024-09-28,2024-09-28,5,9,126.59,90.94,89.75,448.49,1423.74,204.87,1,0
2024-09-29,2024-09-29,6,9,124.01,87.58,87.07,440.43,1427.89,198.97,1,0
2024-09-30,2024-09-30,0,9,134.6,94.55,92.64,479.94,1425.92,219.75,0,0
2024-10-01,2024-10-01,1,10,134.13,96.84,94.47,488.92,1425.14,225.17,0,0
2024-10-02,2024-10-02,2,10,135.17,97.39,94.92,492.61,1425.9,227.1,0,0
2024-10-03,2024-10-03,3,10,134.09,95.66,93.53,489.25,1426.59,224.37,0,0
2024-10-04,2024-10-04,4,10,135.31,96.51,94.21,493.4,1426.21,226.71,0,0
2024-10-05,2024-10-05,5,10,192.3,98.0,95.0,760.44,1426.92,370.0,1,1
2024-10-06,2024-10-06,6,10,161.92,98.0,95.0,616.3,1425.85,293.37,1,1
2024-10-07,2024-10-07,0,10,152.98,98.0,95.0,573.52,1426.78,269.58,0,1
2024-10-08,2024-10-08,1,10,138.11,98.0,95.0,502.83,1430.43,232.31,0,0
2024-10-09,2024-10-09,2,10,136.72,96.92,94.54,496.88,1431.81,228.45,0,0
2024-10-10,2024-10-10,3,10,137.65,98.0,95.0,499.61,1429.97,230.49,0,0
2024-10-11,2024-10-11,4,10,137.49,98.0,95.0,498.33,1430.96,229.96,0,0
2024-10-12,2024-10-12,5,10,129.01,92.82,91.26,464.54,1429.18,212.84,1,0
2024-10-13,2024-10-13,6,10,127.8,91.79,90.43,459.66,1433.98,210.07,1,0
2024-10-14,2024-10-14,0,10,135.39,96.57,94.25,488.55,1432.9,224.85,0,0
2024-10-15,2024-10-15,1,10,135.49,97.03,94.62,487.87,1435.89,224.95,0,0
2024-10-16,2024-10-16,2,10,134.92,96.76,94.41,485.02,1440.73,223.6,0,0
2024-10-17,2024-10-17,3,10,135.57,97.84,95.0,486.32,1444.55,224.99,0,0
2024-10-18,2024-10-18,4,10,131.14,93.29,91.63,470.88,1447.48,215.17,0,0
2024-10-19,2024-10-19,5,10,123.74,89.32,88.45,440.95,1451.39,200.63,1,0
2024-10-20,2024-10-20,6,10,121.75,87.33,86.86,433.79,1456.29,196.18,1,0
2024-10-21,2024-10-21,0,10,132.75,95.49,93.39,473.96,1458.67,218.18,0,0
2024-10-22,2024-10-22,1,10,130.96,93.52,91.82,467.66,1460.62,214.09,0,0
2024-10-23,2024-10-23,2,10,131.84,94.35,92.48,470.17,1463.05,215.76,0,0
2024-10-24,2024-10-24,3,10,131.01,93.24,91.59,467.31,1464.82,213.72,0,0
2024-10-25,2024-10-25,4,10,131.87,93.84,92.07,470.0,1467.29,215.29,0,0
2024-10-26,2024-10-26,5,10,126.92,91.93,90.54,449.02,1468.48,205.97,1,0
2024-10-27,2024-10-27,6,10,126.93,91.46,90.17,449.21,1468.04,205.68,1,0
2024-10-28,2024-10-28,0,10,134.39,95.13,93.11,478.57,1466.91,219.76,0,0
2024-10-29,2024-10-29,1,10,136.55,96.87,94.49,485.79,1465.43,224.04,0,0
2024-10-30,2024-10-30,2,10,137.54,97.33,94.87,489.3,1465.3,225.82,0,0
2024-10-31,2024-10-31,3,10,136.86,95.99,93.8,487.39,1463.66,223.98,0,0
2024-11-01,2024-11-01,4,11,138.69,94.39,92.52,482.63,1465.66,220.8,0,0
2024-11-02,2024-11-02,5,11,132.51,91.16,89.93,458.45,1465.68,209.15,1,0
2024-11-03,2024-11-03,6,11,132.75,90.88,89.7,459.45,1469.49,209.33,1,0
2024-11-04,2024-11-04,0,11,144.6,98.0,95.0,503.29,1468.04,233.13,0,0
2024-11-05,2024-11-05,1,11,145.34,98.0,95.0,506.12,1467.66,234.69,0,0
2024-11-06,2024-11-06,2,11,146.03,98.0,95.0,508.68,1470.8,236.16,0,0
2024-11-07,2024-11-07,3,11,141.96,95.24,93.19,493.23,1473.03,225.74,0,0
2024-11-08,2024-11-08,4,11,145.93,98.0,95.0,507.23,1471.51,235.07,0,0
2024-11-09,2024-11-09,5,11,140.15,97.04,94.63,481.75,1475.69,223.19,1,0
2024-11-10,2024-11-10,6,11,138.35,95.23,93.19,475.52,1479.86,219.26,1,0
2024-11-11,2024-11-11,0,11,141.28,94.61,92.69,488.95,1480.21,223.54,0,0
2024-11-12,2024-11-12,1,11,145.73,98.0,95.0,504.19,1480.62,234.1,0,0
2024-11-13,2024-11-13,2,11,143.32,97.26,94.81,493.61,1485.58,227.53,0,0
2024-11-14,2024-11-14,3,11,142.24,96.47,94.17,489.28,1488.0,225.16,0,0
2024-11-15,2024-11-15,4,11,142.5,97.09,94.67,489.11,1489.75,225.6,0,0
2024-11-16,2024-11-16,5,11,131.56,89.94,88.95,449.11,1493.65,204.49,1,0
2024-11-17,2024-11-17,6,11,132.38,91.14,89.91,450.75,1493.68,206.1,1,0
2024-11-18,2024-11-18,0,11,142.12,97.72,95.0,485.22,1494.72,224.56,0,0
2024-11-19,2024-11-19,1,11,140.18,95.93,93.74,478.32,1494.63,220.37,0,0
2024-11-20,2024-11-20,2,11,138.99,94.85,92.88,473.9,1498.18,217.74,0,0
2024-11-21,2024-11-21,3,11,138.81,94.75,92.8,472.77,1500.23,217.21,0,0
2024-11-22,2024-11-22,4,11,136.91,92.77,91.22,466.43,1502.88,213.1,0,0
2024-11-23,2024-11-23,5,11,130.46,89.84,88.87,441.16,1502.68,201.24,1,0
2024-11-24,2024-11-24,6,11,128.61,87.71,87.17,435.26,1502.25,197.19,1,0
2024-11-25,2024-11-25,0,11,141.06,96.38,94.11,478.66,1503.7,220.89,0,0
2024-11-26,2024-11-26,1,11,137.03,91.83,90.47,466.27,1506.9,212.3,0,0
2024-11-27,2024-11-27,2,11,142.26,96.72,94.38,482.52,1508.61,222.71,0,0
2024-11-28,2024-11-28,3,11,192.96,98.0,95.0,704.92,1506.87,341.31,0,1
2024-11-29,2024-11-29,4,11,169.44,98.0,95.0,600.28,1510.98,285.6,0,1
2024-11-30,2024-11-30,5,11,135.89,92.3,90.84,458.72,1509.47,210.26,1,0
2024-12-01,2024-12-01,6,12,146.83,93.97,92.18,465.86,1514.19,214.46,1,0
2024-12-02,2024-12-02,0,12,154.83,97.27,94.82,494.29,1512.4,227.87,0,0
2024-12-03,2024-12-03,1,12,154.19,96.11,93.89,492.64,1515.3,226.29,0,0
2024-12-04,2024-12-04,2,12,177.73,98.0,95.0,587.43,1513.91,278.4,0,1
2024-12-05,2024-12-05,3,12,166.94,98.0,95.0,542.16,1518.32,253.22,0,1
2024-12-06,2024-12-06,4,12,155.92,96.55,94.24,497.7,1519.6,228.68,0,0
2024-12-07,2024-12-07,5,12,149.05,93.57,91.86,472.73,1518.6,216.9,1,0
2024-12-08,2024-12-08,6,12,149.25,93.65,91.92,472.99,1519.01,217.07,1,0
2024-12-09,2024-12-09,0,12,158.78,98.0,95.0,506.38,1518.2,234.44,0,0
2024-12-10,2024-12-10,1,12,160.64,98.0,95.0,513.58,1517.43,239.47,0,0
2024-12-11,2024-12-11,2,12,158.32,98.0,95.0,503.49,1522.1,233.06,0,0
2024-12-12,2024-12-12,3,12,157.52,98.0,95.0,499.67,1523.25,230.92,0,0
2024-12-13,2024-12-13,4,12,159.42,98.0,95.0,506.97,1526.8,236.27,0,0
2024-12-14,2024-12-14,5,12,148.75,94.28,92.43,467.23,1529.32,215.3,1,0
2024-12-15,2024-12-15,6,12,146.81,92.8,91.24,460.73,1532.08,211.51,1,0
2024-12-16,2024-12-16,0,12,153.6,95.8,93.64,484.18,1531.04,222.7,0,0
2024-12-17,2024-12-17,1,12,154.09,96.61,94.29,484.66,1530.71,223.54,0,0
2024-12-18,2024-12-18,2,12,215.53,98.0,95.0,734.33,1534.25,356.57,0,1
2024-12-19,2024-12-19,3,12,184.24,98.0,95.0,605.54,1539.08,288.07,0,1
2024-12-20,2024-12-20,4,12,154.02,97.24,94.79,482.06,1538.95,223.01,0,0
2024-12-21,2024-12-21,5,12,142.06,89.8,88.84,442.43,1538.89,201.82,1,0
2024-12-22,2024-12-22,6,12,143.67,91.31,90.05,446.56,1540.23,204.68,1,0
2024-12-23,2024-12-23,0,12,153.29,96.48,94.19,478.61,1545.15,221.04,0,0
2024-12-24,2024-12-24,1,12,151.08,94.17,92.34,472.14,1545.07,216.6,0,0
2024-12-25,2024-12-25,2,12,151.35,94.12,92.29,472.86,1545.95,216.85,0,0
2024-12-26,2024-12-26,3,12,153.13,95.39,93.31,477.93,1550.22,219.9,0,0
2024-12-27,2024-12-27,4,12,153.48,95.25,93.2,479.1,1548.28,220.26,0,0
2024-12-28,2024-12-28,5,12,148.19,93.55,91.84,459.34,1546.59,211.6,1,0
2024-12-29,2024-12-29,6,12,145.82,90.73,89.59,452.92,1548.85,206.78,1,0
2024-12-30,2024-12-30,0,12,202.7,98.0,95.0,674.15,1553.24,324.31,0,1
2024-12-31,2024-12-31,1,12,183.89,98.0,95.0,597.21,1552.94,284.65,0,1
